{
  "title": "Plays by Line Count",
  "services": {
    "query": {
      "list": {
        "0": {
          "id": 0,
          "color": "#7EB26D",
          "alias": "",
          "pin": false,
          "type": "lucene",
          "enable": true,
          "query": "*"
        }
      },
      "ids": [
        0
      ]
    },
    "filter": {
      "list": {},
      "ids": []
    }
  },
  "pulldowns": [
    {
      "type": "query",
      "collapse": false,
      "notice": false,
      "enable": true,
      "query": "*",
      "pinned": true,
      "history": [
        "*",
        "",
        "\"not to be\"",
        "\"to be\"",
        "to be or not to be",
        "FALSTAFF",
        "play_name:\"Romeo and Juliet\"",
        "playname:\"Romeo and Juliet\"",
        "romeo"
      ],
      "remember": 10
    },
    {
      "type": "filtering",
      "collapse": true,
      "notice": false,
      "enable": true
    }
  ],
  "nav": [
    {
      "type": "timepicker",
      "collapse": false,
      "notice": false,
      "enable": false,
      "status": "Stable",
      "time_options": [
        "5m",
        "15m",
        "1h",
        "6h",
        "12h",
        "24h",
        "2d",
        "7d",
        "30d"
      ],
      "refresh_intervals": [
        "5s",
        "10s",
        "30s",
        "1m",
        "5m",
        "15m",
        "30m",
        "1h",
        "2h",
        "1d"
      ],
      "timefield": "@timestamp"
    }
  ],
  "loader": {
    "save_gist": false,
    "save_elasticsearch": true,
    "save_local": true,
    "save_default": true,
    "save_temp": true,
    "save_temp_ttl_enable": true,
    "save_temp_ttl": "30d",
    "load_gist": false,
    "load_elasticsearch": true,
    "load_elasticsearch_size": 20,
    "load_local": false,
    "hide": false
  },
  "rows": [
    {
      "title": "Charts",
      "height": "150px",
      "editable": true,
      "collapse": false,
      "collapsable": true,
      "panels": [
        {
          "error": false,
          "span": 9,
          "editable": true,
          "type": "terms",
          "loadingEditor": false,
          "field": "play_name",
          "exclude": [],
          "missing": false,
          "other": false,
          "size": 1000,
          "order": "term",
          "style": {
            "font-size": "10pt"
          },
          "donut": false,
          "tilt": false,
          "labels": true,
          "arrangement": "horizontal",
          "chart": "bar",
          "counter_pos": "none",
          "spyable": true,
          "queries": {
            "mode": "all",
            "ids": [
              0
            ]
          },
          "tmode": "terms",
          "tstat": "total",
          "valuefield": "",
          "title": "Plays by Line Count"
        },
        {
          "span": 3,
          "editable": true,
          "type": "hits",
          "loadingEditor": false,
          "style": {
            "font-size": "10pt"
          },
          "arrangement": "horizontal",
          "chart": "pie",
          "counter_pos": "none",
          "donut": false,
          "tilt": false,
          "labels": true,
          "spyable": true,
          "queries": {
            "mode": "all",
            "ids": [
              0
            ]
          }
        }
      ],
      "notice": false
    },
    {
      "title": "",
      "height": "150px",
      "editable": true,
      "collapse": false,
      "collapsable": true,
      "panels": [
        {
          "error": false,
          "span": 12,
          "editable": true,
          "type": "table",
          "loadingEditor": false,
          "size": 100,
          "pages": 5,
          "offset": 0,
          "sort": [
            "_score",
            "desc"
          ],
          "overflow": "min-height",
          "fields": [
            "play_name",
            "speaker",
            "line_number",
            "text_entry"
          ],
          "highlight": [],
          "sortable": true,
          "header": true,
          "paging": true,
          "field_list": true,
          "all_fields": false,
          "trimFactor": 300,
          "localTime": false,
          "timeField": "@timestamp",
          "spyable": true,
          "queries": {
            "mode": "all",
            "ids": [
              0
            ]
          },
          "style": {
            "font-size": "9pt"
          },
          "normTimes": true
        }
      ],
      "notice": false
    }
  ],
  "index": {
    "interval": "none",
    "pattern": "[logstash-]YYYY.MM.DD",
    "default": "_all",
    "warm_fields": false
  },
  "failover": false,
  "editable": true,
  "style": "dark",
  "panel_hints": true,
  "refresh": false
}