{
  "title": "Romeo and Juliet",
  "services": {
    "query": {
      "list": {
        "0": {
          "query": "play_name:\"Romeo and Juliet\"",
          "alias": "",
          "color": "#7EB26D",
          "id": 0,
          "pin": false,
          "type": "lucene",
          "enable": true
        }
      },
      "ids": [
        0
      ]
    },
    "filter": {
      "list": {
        "0": {
          "type": "querystring",
          "query": "speaker:ROMEO",
          "mandate": "must",
          "active": true,
          "alias": "",
          "id": 0
        }
      },
      "ids": [
        0
      ]
    }
  },
  "pulldowns": [
    {
      "type": "query",
      "collapse": false,
      "notice": false,
      "enable": true,
      "query": "*",
      "pinned": true,
      "history": [
        "play_name:\"Romeo and Juliet\"",
        "playname:\"Romeo and Juliet\"",
        "romeo"
      ],
      "remember": 10
    },
    {
      "type": "filtering",
      "collapse": false,
      "notice": true,
      "enable": true
    }
  ],
  "nav": [
    {
      "type": "timepicker",
      "collapse": false,
      "notice": false,
      "enable": true,
      "status": "Stable",
      "time_options": [
        "5m",
        "15m",
        "1h",
        "6h",
        "12h",
        "24h",
        "2d",
        "7d",
        "30d"
      ],
      "refresh_intervals": [
        "5s",
        "10s",
        "30s",
        "1m",
        "5m",
        "15m",
        "30m",
        "1h",
        "2h",
        "1d"
      ],
      "timefield": "@timestamp"
    }
  ],
  "loader": {
    "save_gist": false,
    "save_elasticsearch": true,
    "save_local": true,
    "save_default": true,
    "save_temp": true,
    "save_temp_ttl_enable": true,
    "save_temp_ttl": "30d",
    "load_gist": false,
    "load_elasticsearch": true,
    "load_elasticsearch_size": 20,
    "load_local": false,
    "hide": false
  },
  "rows": [
    {
      "title": "Charts",
      "height": "150px",
      "editable": true,
      "collapse": false,
      "collapsable": true,
      "panels": [
        {
          "error": false,
          "span": 8,
          "editable": true,
          "type": "terms",
          "loadingEditor": false,
          "field": "speech_number",
          "exclude": [],
          "missing": false,
          "other": false,
          "size": 10,
          "order": "count",
          "style": {
            "font-size": "10pt"
          },
          "donut": false,
          "tilt": false,
          "labels": true,
          "arrangement": "horizontal",
          "chart": "bar",
          "counter_pos": "above",
          "spyable": true,
          "queries": {
            "mode": "all",
            "ids": [
              0
            ]
          },
          "tmode": "terms",
          "tstat": "total",
          "valuefield": "",
          "title": "Longest Speeches"
        },
        {
          "error": false,
          "span": 4,
          "editable": true,
          "type": "goal",
          "loadingEditor": false,
          "donut": true,
          "tilt": false,
          "legend": "none",
          "labels": true,
          "spyable": true,
          "query": {
            "goal": 111397
          },
          "queries": {
            "mode": "all",
            "ids": [
              0
            ]
          },
          "title": "Percentage of Total"
        }
      ]
    }
  ],
  "index": {
    "interval": "none",
    "pattern": "[logstash-]YYYY.MM.DD",
    "default": "_all",
    "warm_fields": false
  },
  "failover": false,
  "editable": true,
  "style": "dark",
  "panel_hints": true,
  "refresh": false
}