{
  "title": "Logstash Search",
  "services": {
    "query": {
      "list": {
        "0": {
          "query": "{{ARGS.query || '*'}}",
          "alias": "",
          "color": "#7EB26D",
          "id": 0,
          "pin": false,
          "type": "lucene"
        }
      },
      "ids": [
        0
      ]
    },
    "filter": {
      "list": {
        "0": {
          "type": "time",
          "field": "@timestamp",
          "from": "now-{{ARGS.from || '24h'}}",
          "to": "now",
          "mandate": "must",
          "active": true,
          "alias": "",
          "id": 0
        }
      },
      "ids": [
        0
      ]
    }
  },
  "rows": [
    {
      "title": "Graph",
      "height": "350px",
      "editable": true,
      "collapse": false,
      "collapsable": true,
      "panels": [
        {
          "span": 12,
          "editable": true,
          "group": [
            "default"
          ],
          "type": "histogram",
          "mode": "aggregate",
          "value_field": "event",
          "interval": "10m",
          "fill": 3,
          "linewidth": 3,
          "spyable": true,
          "zoomlinks": true,
          "bars": true,
          "stack": true,
          "points": false,
          "lines": false,
          "legend": true,
          "x-axis": true,
          "y-axis": true,
          "percentage": false,
          "interactive": true,
          "queries": {
            "mode": "all",
            "ids": [
              0
            ]
          },
          "download":{
             "mode":"Result",
            "fields":[
                {"name":"timestamp", "selected":true},
                {"name":"event", "selected":true},
                {"name":"subevent", "selected":true},
                {"name":"message", "selected":true},
                {"name":"msg", "selected":true},
                {"name":"exClass", "selected":true},
                {"name":"ex", "selected":true},
                {"name":"exMethod", "selected":true},
                {"name":"exLine", "selected":true},
                {"name":"logClass", "selected":true},
                {"name":"logClassLine", "selected":true},
                {"name":"level", "selected":true},
                {"name":"node", "selected":true},
                {"name":"@timestamp", "selected":true},
                {"name":"path", "selected":false},
                {"name":"customer", "selected":false}
            ]
          },
          "title": "Events over time",
          "intervals": [
            "auto",
            "1s",
            "1m",
            "5m",
            "10m",
            "30m",
            "1h",
            "3h",
            "12h",
            "1d",
            "1w",
            "1M",
            "1y"
          ],
          "options": true,
          "tooltip": {
            "value_type": "cumulative",
            "query_as_alias": false
          }
        }
      ],
      "notice": false
    }],
  "editable": true,
  "failover": false,
  "index": {
    "interval": "day",
    "pattern": "[logstash-(.*)-(.*)-](YYYY.MM.DD)",
    "default": "NO_TIME_FILTER_OR_INDEX_PATTERN_NOT_MATCHED"
  },
  "style": "{{ARGS.style || 'dark'}}",
  "panel_hints": true,
  "pulldowns": [
    {
      "type": "query",
      "collapse": false,
      "notice": false,
      "query": "*",
      "pinned": true,
      "history": [],
      "remember": 10
    },
    {
      "type": "filtering",
      "collapse": true,
      "notice": false
    }
  ],
  "timeoption":{
    "time_options": [
      "5m",
      "15m",
      "1h",
      "6h",
      "12h",
      "24h",
      "2d",
      "7d",
      "30d"
    ],
    "refresh_intervals": [
      "5s",
      "10s",
      "30s",
      "1m",
      "5m",
      "15m",
      "30m",
      "1h",
      "2h",
      "1d"
    ],
    "timefield": "@timestamp",
    "timezone"      : "utc",
    "auto_int"      : true,
    "resolution"    : 100
  },
  "nav": [
    {
      "type": "timepicker",
      "collapse": false,
      "notice": false,
      "status": "Stable",
      "now": true,
      "filter_id": 0
    }
  ],
  "loader": {
    "save_gist": false,
    "save_elasticsearch": true,
    "save_local": true,
    "save_default": true,
    "save_temp": true,
    "save_temp_ttl_enable": true,
    "save_temp_ttl": "30d",
    "load_gist": true,
    "load_elasticsearch": true,
    "load_elasticsearch_size": 20,
    "load_local": true,
    "hide": false
  },
  "refresh": false
}
